ref,query,dim,k,problem size,simt time(ms),tc time(ms),speedup
32,16,2,16,16384,0.30042,0.30347,0.9899495831548424
32,16,4,16,32768,0.30066,0.30282,0.9928670497325144
32,16,8,16,65536,0.30912,0.31139,0.992710106297569
32,16,16,16,131072,0.30202,0.30519,0.9896130279498018
32,16,32,16,262144,0.89979,0.30857,2.9159996111093105
32,16,64,16,524288,0.30892,0.31505,0.9805427709887319
32,16,128,16,1048576,0.89247,0.31806,2.805980003772873
32,16,256,16,2097152,0.32764,0.32952,0.9942947317310027
32,16,512,16,4194304,0.3449,0.35679,0.9666750749740743
32,16,1024,16,8388608,0.38993,0.39395,0.9897956593476329
32,16,2048,16,16777216,0.53007,1.11137,0.4769518702142401
64,16,2,16,32768,0.89651,0.31496,2.8464249428498856
64,16,4,16,65536,0.31622,0.31996,0.9883110388798599
64,16,8,16,131072,0.32112,0.32049,1.0019657399606852
64,16,16,16,262144,0.31779,0.32042,0.9917920229698521
64,16,32,16,524288,0.32387,0.32725,0.9896715049656226
64,16,64,16,1048576,0.32757,0.32867,0.9966531779596555
64,16,128,16,2097152,0.33254,0.33475,0.9933980582524272
64,16,256,16,4194304,0.34468,0.35344,0.9752150294250792
64,16,512,16,8388608,0.37336,0.89262,0.4182742936523941
64,16,1024,16,16777216,0.92791,0.41838,2.217864142645442
64,16,2048,16,33554432,0.57208,1.13094,0.5058446955629831
64,32,2,16,65536,0.91517,0.84751,1.0798338662670648
64,32,4,16,131072,0.85883,0.32301,2.6588340918237825
64,32,8,16,262144,0.32556,0.32902,0.9894839219500335
64,32,16,16,524288,0.32527,0.33064,0.9837587708686185
64,32,32,16,1048576,0.32689,0.33068,0.9885387685980406
64,32,64,16,2097152,0.33353,0.33649,0.9912033047044488
64,32,128,16,4194304,0.33359,0.34369,0.9706130524600658
64,32,256,16,8388608,0.35397,0.88446,0.4002102978088325
64,32,512,16,16777216,0.92701,0.38199,2.426791277258567
64,32,1024,16,33554432,0.41742,0.42955,0.971761145384705
64,32,2048,16,67108864,1.12024,0.6001,1.8667555407432095
128,16,2,16,65536,0.38606,0.38804,0.9948974332543037
128,16,4,16,131072,0.38615,0.3889,0.9929287734636153
128,16,8,16,262144,0.39045,0.9412,0.4148427539311517
128,16,16,16,524288,0.39013,0.39269,0.9934808627670682
128,16,32,16,1048576,0.39037,0.99443,0.3925565399273956
128,16,64,16,2097152,1.00654,0.39458,2.5509148968523494
128,16,128,16,4194304,0.39588,0.40138,0.9862972744033086
128,16,256,16,8388608,0.41408,0.41739,0.9920697668846882
128,16,512,16,16777216,0.95998,1.05183,0.912676002776114
128,16,1024,16,33554432,0.49245,0.49603,0.992782694595085
128,16,2048,16,67108864,1.22184,0.68143,1.7930528447529461
128,32,2,16,131072,0.40505,0.40803,0.9926966154449428
128,32,4,16,262144,0.39896,0.96771,0.41227227165163116
128,32,8,16,524288,0.93204,0.40321,2.3115498127526597
128,32,16,16,1048576,0.40396,0.40872,0.9883538853004501
128,32,32,16,2097152,0.40754,0.40923,0.9958702929892727
128,32,64,16,4194304,0.40766,0.41164,0.990331357496842
128,32,128,16,8388608,1.05928,0.41886,2.528959556892518
128,32,256,16,16777216,0.4228,0.4258,0.9929544387036168
128,32,512,16,33554432,0.45598,1.03944,0.4386785192026476
128,32,1024,16,67108864,1.02623,0.52284,1.9627993267538828
128,32,2048,16,134217728,0.69906,1.27936,0.5464138319159579
128,64,2,16,262144,0.94599,0.4109,2.302238987588221
128,64,4,16,524288,0.40189,0.40383,0.9951959983161232
128,64,8,16,1048576,0.40618,1.06246,0.38230145134875665
128,64,16,16,2097152,1.03194,0.40886,2.523944626522526
128,64,32,16,4194304,0.40616,0.40943,0.9920132867645263
128,64,64,16,8388608,0.40986,0.41539,0.9866872096102458
128,64,128,16,16777216,0.41822,0.99009,0.4224060438949994
128,64,256,16,33554432,0.43551,0.43556,0.9998852052530076
128,64,512,16,67108864,0.45934,0.47042,0.9764465796522257
128,64,1024,16,134217728,0.52712,0.53445,0.9862849658527459
128,64,2048,16,268435456,1.29209,1.33487,0.9679519353944579
256,16,2,16,131072,0.45986,1.02073,0.45052070576940034
256,16,4,16,262144,0.4639,0.46637,0.9947037759718678
256,16,8,16,524288,0.45191,0.45775,0.9872419442927362
256,16,16,16,1048576,0.46144,1.03569,0.4455387229769526
256,16,32,16,2097152,0.4528,0.45966,0.9850759256842013
256,16,64,16,4194304,0.4604,0.47096,0.977577713606251
256,16,128,16,8388608,0.47307,0.47652,0.9927600100730295
256,16,256,16,16777216,0.49103,0.49105,0.9999592709500051
256,16,512,16,33554432,1.03274,1.06885,0.9662160265706132
256,16,1024,16,67108864,0.59573,0.61296,0.9718904985643436
256,16,2048,16,134217728,1.30381,1.34849,0.9668666434308003
256,32,2,16,262144,1.09033,0.51789,2.1053312479484063
256,32,4,16,524288,0.49689,0.50068,0.9924302947990732
256,32,8,16,1048576,1.13186,0.50349,2.2480287592603627
256,32,16,16,2097152,0.50013,0.50616,0.9880867709815077
256,32,32,16,4194304,0.49963,1.03342,0.48347235393160576
256,32,64,16,8388608,0.49255,0.50148,0.9821927095796441
256,32,128,16,16777216,0.49777,0.50552,0.9846692514638392
256,32,256,16,33554432,1.09941,0.53429,2.0577027456999004
256,32,512,16,67108864,0.5576,1.16153,0.48005647723261563
256,32,1024,16,134217728,0.63716,1.19535,0.5330321663111223
256,32,2048,16,268435456,0.83596,1.43928,0.5808181868712134
256,64,2,16,524288,0.49644,1.12717,0.4404304585821127
256,64,4,16,1048576,0.50466,0.50833,0.9927802805264297
256,64,8,16,2097152,0.49986,1.04637,0.4777086499039537
256,64,16,16,4194304,1.08894,0.5054,2.1546102097348636
256,64,32,16,8388608,0.49804,0.5022,0.9917164476304261
256,64,64,16,16777216,0.50082,1.1467,0.4367489317171013
256,64,128,16,33554432,0.50448,0.51294,0.9835068429056032
256,64,256,16,67108864,1.07545,1.11599,0.9636735096192618
256,64,512,16,134217728,0.566,1.18655,0.47701318949896754
256,64,1024,16,268435456,1.22073,0.67001,1.8219578812256536
256,64,2048,16,536870912,1.39553,0.87338,1.597849733220362
256,128,2,16,1048576,0.50522,0.50971,0.9911910694316376
256,128,4,16,2097152,1.07581,1.10385,0.9745979979163835
256,128,8,16,4194304,0.50571,0.5088,0.9939268867924528
256,128,16,16,8388608,0.50655,1.05374,0.48071630573006624
256,128,32,16,16777216,0.50735,0.5108,0.9932458888018793
256,128,64,16,33554432,0.50217,0.5137,0.9775549931866847
256,128,128,16,67108864,1.15802,1.09632,1.0562791885580853
256,128,256,16,134217728,0.53334,1.08863,0.48991852144438425
256,128,512,16,268435456,1.11658,0.5896,1.8937924016282224
256,128,1024,16,536870912,1.2928,0.69192,1.8684240952711295
256,128,2048,16,1073741824,1.49129,0.91163,1.6358500707523884
512,16,2,16,262144,0.57824,1.14934,0.5031061304748812
512,16,4,16,524288,0.55236,0.556,0.9934532374100717
512,16,8,16,1048576,0.55665,0.55751,0.998457426772614
512,16,16,16,2097152,1.14623,0.5716,2.005300909727082
512,16,32,16,4194304,0.55655,1.15091,0.48357386763517557
512,16,64,16,8388608,1.18633,0.55285,2.1458442615537674
512,16,128,16,16777216,1.14828,0.57911,1.982835730690197
512,16,256,16,33554432,0.59501,1.1722,0.5076010919638287
512,16,512,16,67108864,1.19545,0.66318,1.8026026116589764
512,16,1024,16,134217728,1.3862,0.81383,1.7033041298551295
512,16,2048,16,268435456,1.62173,0.98714,1.6428571428571428
512,32,2,16,524288,1.1359,0.58138,1.9537995803089199
512,32,4,16,1048576,0.59349,1.15301,0.5147310084040901
512,32,8,16,2097152,0.58777,0.58973,0.9966764451528667
512,32,16,16,4194304,1.16988,1.15456,1.0132691241685143
512,32,32,16,8388608,0.62322,1.17442,0.5306619437679876
512,32,64,16,16777216,0.63336,0.63718,0.9940048337989266
512,32,128,16,33554432,1.19898,0.65361,1.8343966585578555
512,32,256,16,67108864,0.67019,1.24301,0.539167021986951
512,32,512,16,134217728,0.71726,1.25541,0.5713352609904334
512,32,1024,16,268435456,1.421,1.41543,1.003935199903916
512,32,2048,16,536870912,1.62454,1.64208,0.989318425411673
512,64,2,16,1048576,0.60323,1.17276,0.514367816091954
512,64,4,16,2097152,0.60991,1.20268,0.5071257524861144
512,64,8,16,4194304,0.5961,0.5988,0.9954909819639278
512,64,16,16,8388608,0.58562,1.20044,0.4878377928093033
512,64,32,16,16777216,0.63178,0.63637,0.992787214984993
512,64,64,16,33554432,0.6264,1.18405,0.5290317131877876
512,64,128,16,67108864,0.65276,0.65516,0.9963367726967459
512,64,256,16,134217728,1.24452,1.276,0.9753291536050157
512,64,512,16,268435456,0.73595,1.28133,0.5743641372636245
512,64,1024,16,536870912,0.90076,1.4475,0.622286701208981
512,64,2048,16,1073741824,1.08712,1.67087,0.6506311083447546
512,128,2,16,2097152,0.60317,1.12595,0.5356987432834495
512,128,4,16,4194304,1.15333,1.14475,1.0074950862633762
512,128,8,16,8388608,1.17724,0.60026,1.9612168060507114
512,128,16,16,16777216,0.59646,0.60207,0.9906821465942498
512,128,32,16,33554432,0.64261,1.21923,0.5270621621843294
512,128,64,16,67108864,0.63884,0.64248,0.9943344539907856
512,128,128,16,134217728,1.18017,1.18651,0.9946565979216357
512,128,256,16,268435456,0.68404,1.27138,0.5380295427016313
512,128,512,16,536870912,0.74347,1.35463,0.5488362135786156
512,128,1024,16,1073741824,1.53798,0.93811,1.63944526761254
512,128,2048,16,2147483648,1.64367,1.62745,1.0099665120280192
512,256,2,16,4194304,0.63935,0.64217,0.9956086394568415
512,256,4,16,8388608,0.63075,1.18772,0.5310595089751793
512,256,8,16,16777216,0.62277,0.62733,0.9927310984649228
512,256,16,16,33554432,1.17668,0.62938,1.869585941720423
512,256,32,16,67108864,0.71102,1.23542,0.5755289699049716
512,256,64,16,134217728,1.23839,0.67345,1.8388744524463585
512,256,128,16,268435456,1.24736,0.68545,1.8197680355970531
512,256,256,16,536870912,1.27822,0.72561,1.761579912073979
512,256,512,16,1073741824,1.39062,1.48222,0.9382008068977614
512,256,1024,16,2147483648,0.99072,1.54499,0.6412468689117728
512,256,2048,16,4294967296,1.81436,1.77367,1.0229411333562612
1024,16,2,16,524288,0.63456,0.63852,0.9937981582409322
1024,16,4,16,1048576,1.21813,0.65707,1.8538816260063613
1024,16,8,16,2097152,0.65273,1.19588,0.5458156336756196
1024,16,16,16,4194304,0.69782,0.65868,1.0594218740511325
1024,16,32,16,8388608,1.27974,0.68576,1.8661630891273915
1024,16,64,16,16777216,0.7015,1.22826,0.5711331477048834
1024,16,128,16,33554432,1.24746,0.7201,1.7323427301763645
1024,16,256,16,67108864,1.32559,0.77407,1.7124937021199633
1024,16,512,16,134217728,1.49383,1.5686,0.9523332908325896
1024,16,1024,16,268435456,1.64496,1.63344,1.0070526006464884
1024,16,2048,16,536870912,1.94277,2.01029,0.966412806112551
1024,32,2,16,1048576,0.75091,1.26353,0.594295347162315
1024,32,4,16,2097152,0.79133,1.35227,0.5851863902918796
1024,32,8,16,4194304,1.28212,1.29132,0.9928755072329088
1024,32,16,16,8388608,1.45195,0.83963,1.7292736086133178
1024,32,32,16,16777216,1.38703,1.38629,1.0005337988443976
1024,32,64,16,33554432,1.39573,0.80195,1.7404202256998564
1024,32,128,16,67108864,1.35874,1.36103,0.9983174507542083
1024,32,256,16,134217728,1.39725,0.86464,1.6159904700222059
1024,32,512,16,268435456,1.57242,1.49889,1.0490563016632306
1024,32,1024,16,536870912,1.64468,1.7233,0.9543782278187198
1024,32,2048,16,1073741824,2.05631,2.04591,1.005083312560181
1024,64,2,16,2097152,0.80003,1.34563,0.5945393607455244
1024,64,4,16,4194304,0.78936,1.34358,0.5875050238913946
1024,64,8,16,8388608,0.7839,1.32436,0.5919085445045155
1024,64,16,16,16777216,1.37406,1.3083,1.0502637009860125
1024,64,32,16,33554432,1.31076,0.79215,1.654686612384018
1024,64,64,16,67108864,1.38202,1.46543,0.9430815528547934
1024,64,128,16,134217728,1.39989,0.85274,1.6416375448554072
1024,64,256,16,268435456,1.48485,0.9004,1.6491003998223013
1024,64,512,16,536870912,1.58667,1.55169,1.0225431626162442
1024,64,1024,16,1073741824,2.32124,1.73611,1.3370350957024613
1024,64,2048,16,2147483648,2.03405,2.11183,0.9631693838992723
1024,128,2,16,4194304,1.34105,0.79869,1.6790619639659945
1024,128,4,16,8388608,1.33664,1.30552,1.0238372449292237
1024,128,8,16,16777216,1.33386,1.36084,0.980174010170189
1024,128,16,16,33554432,1.42092,1.31128,1.0836129583307912
1024,128,32,16,67108864,1.26642,0.76756,1.6499296471937048
1024,128,64,16,134217728,1.32071,1.30963,1.0084604048471706
1024,128,128,16,268435456,0.79209,1.42461,0.5560048013140438
1024,128,256,16,536870912,0.90028,1.39335,0.6461262425090608
1024,128,512,16,1073741824,0.97835,1.49703,0.6535273174218286
1024,128,1024,16,2147483648,1.72732,1.72578,1.00089235012574
1024,128,2048,16,4294967296,2.67578,2.13494,1.253327962378334
1024,256,2,16,8388608,1.38217,0.83885,1.6476962508195743
1024,256,4,16,16777216,1.34298,0.82218,1.6334379332992777
1024,256,8,16,33554432,1.35048,1.38958,0.9718620014680694
1024,256,16,16,67108864,1.34065,0.81393,1.6471318172324398
1024,256,32,16,134217728,1.30513,0.79748,1.6365676882178863
1024,256,64,16,268435456,1.33746,1.37864,0.9701299831718215
1024,256,128,16,536870912,0.8274,1.38666,0.596685560988274
1024,256,256,16,1073741824,0.93299,1.46478,0.6369488933491719
1024,256,512,16,2147483648,1.03917,1.61727,0.6425457715780296
1024,256,1024,16,4294967296,1.85178,1.87883,0.9856027421320716
1024,256,2048,16,8589934592,2.28255,2.2418,1.018177357480596
1024,512,2,16,16777216,1.47475,1.45211,1.0155911053570321
1024,512,4,16,33554432,1.46531,0.90838,1.6131024461128602
1024,512,8,16,67108864,1.41984,1.43883,0.9868017764433602
1024,512,16,16,134217728,1.39479,1.4542,0.9591459221565122
1024,512,32,16,268435456,0.86492,1.39475,0.6201254705144291
1024,512,64,16,536870912,0.88455,1.40364,0.6301829528939044
1024,512,128,16,1073741824,1.47416,1.45057,1.0162625726438572
1024,512,256,16,2147483648,1.50255,1.53415,0.9794022748753383
1024,512,512,16,4294967296,1.66071,1.73962,0.9546395189754084
1024,512,1024,16,8589934592,1.96048,2.55191,0.768240259256792
1024,512,2048,16,17179869184,3.04491,2.48969,1.2230076836875272
2048,16,2,16,1048576,1.38786,0.8428,1.6467252017085905
2048,16,4,16,2097152,1.45352,1.4444,1.0063140404320132
2048,16,8,16,4194304,0.85927,1.43315,0.5995673865261836
2048,16,16,16,8388608,1.42294,1.38206,1.0295790341953317
2048,16,32,16,16777216,1.45682,1.42187,1.0245803062164613
2048,16,64,16,33554432,1.40533,0.89019,1.5786854491737718
2048,16,128,16,67108864,1.53579,0.98055,1.5662536331650603
2048,16,256,16,134217728,1.5967,1.56224,1.022058070462925
2048,16,512,16,268435456,1.78458,1.75057,1.019427957750904
2048,16,1024,16,536870912,2.03356,2.09967,0.9685140998347359
2048,16,2048,16,1073741824,3.33456,3.33233,1.0006692014296303
2048,32,2,16,2097152,1.64392,1.64277,1.0007000371324044
2048,32,4,16,4194304,1.63319,1.62721,1.0036750019972835
2048,32,8,16,8388608,1.60549,1.59321,1.0077077095925835
2048,32,16,16,16777216,1.5852,1.55226,1.0212206717946735
2048,32,32,16,33554432,1.59926,1.04541,1.5297921389693996
2048,32,64,16,67108864,1.5514,1.56914,0.9886944440903934
2048,32,128,16,134217728,1.71234,1.70474,1.0044581578422516
2048,32,256,16,268435456,1.79816,1.77863,1.010980361289307
2048,32,512,16,536870912,1.88259,1.94568,0.9675743184901936
2048,32,1024,16,1073741824,2.23712,2.27931,0.9814900123282922
2048,32,2048,16,2147483648,3.44259,3.52367,0.9769898997352192
2048,64,2,16,4194304,1.5885,1.57168,1.0107019240557875
2048,64,4,16,8388608,1.56455,1.05255,1.4864376989216663
2048,64,8,16,16777216,1.56254,1.57807,0.9901588649426197
2048,64,16,16,33554432,1.59689,1.62565,0.9823086150155321
2048,64,32,16,67108864,1.5706,1.58491,0.99097109615057
2048,64,64,16,134217728,1.70668,1.0719,1.5922007649967347
2048,64,128,16,268435456,1.73602,1.72902,1.0040485361649951
2048,64,256,16,536870912,1.76505,1.75731,1.004404459088038
2048,64,512,16,1073741824,1.88277,1.89452,0.9937979013153728
2048,64,1024,16,2147483648,2.81809,2.2924,1.2293186180422264
2048,64,2048,16,4294967296,3.54155,3.55648,0.9958020289724672
2048,128,2,16,8388608,1.67534,1.62095,1.0335543971128043
2048,128,4,16,16777216,1.68965,1.66614,1.014110458905014
2048,128,8,16,33554432,1.08068,1.6657,0.6487842948910368
2048,128,16,16,67108864,1.62135,1.04636,1.5495145074352996
2048,128,32,16,134217728,1.61324,1.62568,0.992347817528665
2048,128,64,16,268435456,1.56922,1.62219,0.9673466116792732
2048,128,128,16,536870912,1.71242,1.71103,1.0008123761710783
2048,128,256,16,1073741824,1.78266,1.80558,0.9873060180108331
2048,128,512,16,2147483648,2.43265,1.9169,1.269054202097136
2048,128,1024,16,4294967296,2.80988,2.26661,1.2396839332748024
2048,128,2048,16,8589934592,3.58555,3.5958,0.9971494521386062
2048,256,2,16,16777216,1.78404,1.71011,1.0432311371783103
2048,256,4,16,33554432,1.71247,1.71846,0.9965143209617913
2048,256,8,16,67108864,2.32026,1.72309,1.3465692447869817
2048,256,16,16,134217728,1.71781,1.6965,1.0125611553197762
2048,256,32,16,268435456,1.74199,1.70681,1.0206115502018385
2048,256,64,16,536870912,1.73261,1.70791,1.0144621203693402
2048,256,128,16,1073741824,2.28129,1.72391,1.3233231433195467
2048,256,256,16,2147483648,1.90275,1.84856,1.0293147098281905
2048,256,512,16,4294967296,2.07355,2.05904,1.0070469733468024
2048,256,1024,16,8589934592,2.40988,3.00118,0.8029774955184293
2048,256,2048,16,17179869184,3.77838,3.816,0.9901415094339623
2048,512,2,16,33554432,1.80833,1.81321,0.9973086404773854
2048,512,4,16,67108864,1.80267,1.82554,0.9874722000065734
2048,512,8,16,134217728,1.80143,1.81711,0.991370913153304
2048,512,16,16,268435456,1.71712,1.75606,0.9778253590424018
2048,512,32,16,536870912,1.74379,1.78449,0.9771923630841305
2048,512,64,16,1073741824,1.77119,1.78358,0.9930532973009342
2048,512,128,16,2147483648,2.30712,1.89418,1.218004624692479
2048,512,256,16,4294967296,2.10724,1.93776,1.087461811576253
2048,512,512,16,8589934592,2.15827,2.17496,0.992326295656012
2048,512,1024,16,17179869184,2.65658,3.16981,0.8380880872986077
2048,512,2048,16,34359738368,4.11001,4.08518,1.0060780675514909
2048,1024,2,16,67108864,1.83415,1.89956,0.965565709953884
2048,1024,4,16,134217728,1.82626,1.85199,0.9861068364300023
2048,1024,8,16,268435456,1.80538,1.82615,0.9886263450428497
2048,1024,16,16,536870912,2.37144,2.37244,0.9995784930282747
2048,1024,32,16,1073741824,2.43855,1.84796,1.3195902508712312
2048,1024,64,16,2147483648,1.84831,1.90364,0.9709346304973628
2048,1024,128,16,4294967296,1.90226,1.89372,1.0045096423969753
2048,1024,256,16,8589934592,2.12036,2.13191,0.9945823228935554
2048,1024,512,16,17179869184,2.87245,2.96188,0.9698063392169839
2048,1024,1024,16,34359738368,3.43346,3.45269,0.9944304296070601
2048,1024,2048,16,68719476736,5.15002,5.2038,0.9896652446289249
4096,16,2,16,2097152,2.42656,1.80823,1.3419531807347516
4096,16,4,16,4194304,1.79549,1.80646,0.9939273496230197
4096,16,8,16,8388608,1.82608,1.82648,0.9997809995181989
4096,16,16,16,16777216,1.79765,2.34997,0.7649672123473917
4096,16,32,16,33554432,1.85792,1.79181,1.0368956529989228
4096,16,64,16,67108864,1.88713,1.89918,0.9936551564359355
4096,16,128,16,134217728,1.94781,2.53294,0.7689917645108056
4096,16,256,16,268435456,2.65902,2.09554,1.2688948910543343
4096,16,512,16,536870912,2.98128,2.96649,1.004985690159077
4096,16,1024,16,1073741824,3.55494,3.57162,0.995329850320023
4096,16,2048,16,2147483648,5.87223,5.97668,0.9825237422783217
4096,32,2,16,4194304,2.07656,2.03884,1.018500716093465
4096,32,4,16,8388608,2.03905,2.1244,0.9598239502918471
4096,32,8,16,16777216,2.60941,2.61866,0.9964676590317184
4096,32,16,16,33554432,2.04145,2.67672,0.7626684897934787
4096,32,32,16,67108864,2.06688,2.06085,1.0029259771453527
4096,32,64,16,134217728,2.10145,2.06911,1.015629908511389
4096,32,128,16,268435456,2.1945,2.22792,0.984999461381019
4096,32,256,16,536870912,2.93101,2.8464,1.0297252670039347
4096,32,512,16,1073741824,3.14374,3.24259,0.9695151098350394
4096,32,1024,16,2147483648,3.81195,3.78687,1.0066228838064153
4096,32,2048,16,4294967296,6.58711,6.08659,1.0822332373299335
4096,64,2,16,8388608,2.19093,2.07745,1.054624660039953
4096,64,4,16,16777216,2.0531,2.09562,0.9797100619387105
4096,64,8,16,33554432,2.11432,2.15882,0.9793868872810148
4096,64,16,16,67108864,2.11058,2.06945,1.019874845973568
4096,64,32,16,134217728,2.06756,2.07452,0.9966450070377725
4096,64,64,16,268435456,2.11272,2.15922,0.9784644454942062
4096,64,128,16,536870912,2.1919,2.71625,0.8069581224114127
4096,64,256,16,1073741824,2.33775,2.35634,0.9921106461716053
4096,64,512,16,2147483648,3.17881,3.23716,0.9819749409976647
4096,64,1024,16,4294967296,3.87783,4.42129,0.8770811233825422
4096,64,2048,16,8589934592,6.72658,6.12365,1.0984592522433516
4096,128,2,16,16777216,2.06874,2.08994,0.989856168119659
4096,128,4,16,33554432,2.06746,2.07651,0.9956417257802757
4096,128,8,16,67108864,2.13835,2.16029,0.9898439561355189
4096,128,16,16,134217728,2.06931,2.0894,0.9903847994639611
4096,128,32,16,268435456,2.07249,2.09508,0.9892175955094795
4096,128,64,16,536870912,2.14808,2.14829,0.9999022478343242
4096,128,128,16,1073741824,2.16854,2.16901,0.9997833112802615
4096,128,256,16,2147483648,2.34657,2.89866,0.8095361304878805
4096,128,512,16,4294967296,3.27376,3.23904,1.0107192254495159
4096,128,1024,16,8589934592,3.85995,3.88002,0.9948273462507925
4096,128,2048,16,17179869184,6.74533,6.76896,0.9965090649080509
4096,256,2,16,33554432,2.19279,2.21925,0.9880770530584656
4096,256,4,16,67108864,2.20621,2.79567,0.7891525108471314
4096,256,8,16,134217728,2.18888,2.22939,0.9818291102050337
4096,256,16,16,268435456,2.17394,2.19717,0.9894273087653664
4096,256,32,16,536870912,2.20446,2.14774,1.0264091556706119
4096,256,64,16,1073741824,2.20316,2.78621,0.7907372380402051
4096,256,128,16,2147483648,2.32766,2.292,1.0155584642233857
4096,256,256,16,4294967296,2.99294,2.46388,1.214726366543825
4096,256,512,16,8589934592,3.34799,3.33094,1.0051186752088
4096,256,1024,16,17179869184,4.58657,4.04546,1.133757347742902
4096,256,2048,16,34359738368,7.06484,7.04533,1.0027692102428134
4096,512,2,16,67108864,2.86691,2.33635,1.2270892631669057
4096,512,4,16,134217728,2.31468,2.23017,1.0378939722083966
4096,512,8,16,268435456,2.85203,2.29591,1.2422220383203173
4096,512,16,16,536870912,2.3154,2.32119,0.9975055898052292
4096,512,32,16,1073741824,2.27332,2.28825,0.9934753632688735
4096,512,64,16,2147483648,2.36405,2.84984,0.8295377986132556
4096,512,128,16,4294967296,2.45004,2.41102,1.016184021700359
4096,512,256,16,8589934592,3.07508,2.64485,1.1626670699661605
4096,512,512,16,17179869184,3.52856,3.47833,1.014440837988345
4096,512,1024,16,34359738368,4.29712,4.2695,1.0064691415856657
4096,512,2048,16,68719476736,7.9132,7.4438,1.0630591901985544
4096,1024,2,16,134217728,2.47092,3.04107,0.8125166471011848
4096,1024,4,16,268435456,2.42603,2.94739,0.8231112950780182
4096,1024,8,16,536870912,3.00153,2.93093,1.0240879174869408
4096,1024,16,16,1073741824,2.46517,2.45994,1.0021260681154824
4096,1024,32,16,2147483648,2.91743,3.06011,0.9533742251095549
4096,1024,64,16,4294967296,3.02585,2.4704,1.2248421308290156
4096,1024,128,16,8589934592,3.07114,3.18735,0.9635402450311388
4096,1024,256,16,17179869184,3.45108,3.37464,1.0226513050280919
4096,1024,512,16,34359738368,4.36164,3.83854,1.1362757715172958
4096,1024,1024,16,68719476736,5.19077,5.23006,0.992487657885378
4096,1024,2048,16,137438953472,8.75282,8.73518,1.0020194203210466
4096,2048,2,16,268435456,3.33487,3.35538,0.9938874285475863
4096,2048,4,16,536870912,3.38109,2.8271,1.1959569877259382
4096,2048,8,16,1073741824,3.2651,3.35602,0.9729083855280958
4096,2048,16,16,2147483648,2.82725,3.40606,0.8300646494776955
4096,2048,32,16,4294967296,3.314,3.31097,1.00091513967206
4096,2048,64,16,8589934592,3.43186,3.45857,0.9922771550091511
4096,2048,128,16,17179869184,3.55302,3.61137,0.9838426968158899
4096,2048,256,16,34359738368,3.87971,3.88091,0.9996907941694088
4096,2048,512,16,68719476736,4.3429,4.93617,0.8798116758539516
4096,2048,1024,16,137438953472,6.71187,6.76585,0.9920216971999083
4096,2048,2048,16,274877906944,10.7384,11.5297,0.9313685525208809
8192,16,2,16,4194304,2.45105,3.01565,0.81277668164409
8192,16,4,16,8388608,3.07058,2.46726,1.2445303697218777
8192,16,8,16,16777216,3.05199,2.50046,1.2205714148596658
8192,16,16,16,33554432,3.05181,2.49268,1.2243087760964104
8192,16,32,16,67108864,2.48982,2.99668,0.8308594844961757
8192,16,64,16,134217728,2.68198,3.21573,0.8340190252291081
8192,16,128,16,268435456,2.72064,3.28414,0.8284177897409977
8192,16,256,16,536870912,3.64448,3.65469,0.9972063294013993
8192,16,512,16,1073741824,4.17393,4.22477,0.9879662088113672
8192,16,1024,16,2147483648,6.88428,6.98352,0.985789401333425
8192,16,2048,16,4294967296,12.1513,12.0832,1.0056359242584747
8192,32,2,16,8388608,2.75199,3.35282,0.8207986113182337
8192,32,4,16,16777216,3.24256,2.76501,1.1727118527600262
8192,32,8,16,33554432,3.36619,3.28202,1.0256457913114483
8192,32,16,16,67108864,2.81299,3.36223,0.8366441320195228
8192,32,32,16,134217728,3.40253,3.34554,1.0170346192244002
8192,32,64,16,268435456,3.50442,3.41812,1.0252477970346272
8192,32,128,16,536870912,3.60189,3.57963,1.0062185197911517
8192,32,256,16,1073741824,3.92002,3.86531,1.0141541040692725
8192,32,512,16,2147483648,4.94295,5.03092,0.9825141326039769
8192,32,1024,16,4294967296,7.32265,7.32332,0.9999085114401666
8192,32,2048,16,8589934592,13.0975,12.5043,1.047439680749822
8192,64,2,16,16777216,3.34383,3.29259,1.0155622169781235
8192,64,4,16,33554432,3.38674,3.43651,0.9855172835231092
8192,64,8,16,67108864,3.36515,3.36751,0.9992991854515652
8192,64,16,16,134217728,3.40728,3.37065,1.0108673401272752
8192,64,32,16,268435456,2.83916,3.33838,0.8504604029499339
8192,64,64,16,536870912,3.37431,3.4464,0.9790825208913648
8192,64,128,16,1073741824,3.67051,3.65564,1.0040676871902048
8192,64,256,16,2147483648,4.37073,3.96257,1.1030038586069142
8192,64,512,16,4294967296,5.09176,5.08182,1.0019559921445467
8192,64,1024,16,8589934592,7.29648,7.33766,0.9943878566191402
8192,64,2048,16,17179869184,12.5269,13.2104,0.9482604614546115
8192,128,2,16,33554432,3.31811,3.4005,0.9757712101161593
8192,128,4,16,67108864,2.86557,3.41038,0.8402494736656912
8192,128,8,16,134217728,3.42595,3.42545,1.0001459662234158
8192,128,16,16,268435456,2.81821,3.31827,0.8493009911791386
8192,128,32,16,536870912,3.3727,3.31618,1.0170437069157887
8192,128,64,16,1073741824,3.46893,3.49516,0.9924953364080614
8192,128,128,16,2147483648,3.65629,3.66139,0.9986070863797628
8192,128,256,16,4294967296,3.93718,3.91651,1.0052776579148273
8192,128,512,16,8589934592,5.1056,5.11517,0.998129094438699
8192,128,1024,16,17179869184,7.36485,7.39833,0.9954746544152532
8192,128,2048,16,34359738368,12.5751,12.6253,0.9960238568588471
8192,256,2,16,67108864,3.58822,3.56133,1.0075505499349964
8192,256,4,16,134217728,3.6019,3.61073,0.9975545111376369
8192,256,8,16,268435456,3.56243,3.51524,1.0134244034546718
8192,256,16,16,536870912,3.5747,3.59431,0.9945441545108796
8192,256,32,16,1073741824,3.55196,3.50971,1.012038031632243
8192,256,64,16,2147483648,3.71379,3.68744,1.0071458789837937
8192,256,128,16,4294967296,3.81108,3.83519,0.9937134796450763
8192,256,256,16,8589934592,4.60377,4.17995,1.1013935573392026
8192,256,512,16,17179869184,5.21099,5.3855,0.9675963234611455
8192,256,1024,16,34359738368,7.5058,8.13335,0.9228423712246491
8192,256,2048,16,68719476736,12.7413,12.8322,0.9929162575396269
8192,512,2,16,134217728,3.81236,3.75174,1.0161578360973842
8192,512,4,16,268435456,3.77966,3.724,1.0149462943071965
8192,512,8,16,536870912,3.64065,3.62272,1.00494931984807
8192,512,16,16,1073741824,3.62422,3.70781,0.9774556948710965
8192,512,32,16,2147483648,4.09586,3.7202,1.1009784420192463
8192,512,64,16,4294967296,3.83492,3.83817,0.9991532423003671
8192,512,128,16,8589934592,4.0645,4.63322,0.8772516737819487
8192,512,256,16,17179869184,4.3123,4.9541,0.8704507377727537
8192,512,512,16,34359738368,5.47319,5.55922,0.9845248074370145
8192,512,1024,16,68719476736,8.54655,8.60931,0.9927102171951061
8192,512,2048,16,137438953472,13.9868,14.0462,0.995771098232974
8192,1024,2,16,268435456,4.02645,4.04184,0.9961923282465411
8192,1024,4,16,536870912,3.99698,4.54849,0.8787487715703454
8192,1024,8,16,1073741824,4.60033,3.99793,1.1506779758525034
8192,1024,16,16,2147483648,3.93108,4.61718,0.8514028043091237
8192,1024,32,16,4294967296,4.64263,4.16852,1.1137358103115733
8192,1024,64,16,8589934592,4.74733,4.65158,1.0205844035789988
8192,1024,128,16,17179869184,4.93801,4.28281,1.1529836719350148
8192,1024,256,16,34359738368,5.12647,5.1917,0.987435714698461
8192,1024,512,16,68719476736,6.63463,6.08568,1.090203559832262
8192,1024,1024,16,137438953472,9.15874,9.46386,0.9677594554441844
8192,1024,2048,16,274877906944,15.4794,15.4325,1.0030390409849343
8192,2048,2,16,536870912,5.2621,5.33024,0.9872163354745753
8192,2048,4,16,1073741824,5.27338,5.24131,1.0061186993328004
8192,2048,8,16,2147483648,5.2682,5.25074,1.003325245584432
8192,2048,16,16,4294967296,5.23691,5.33869,0.9809353980096241
8192,2048,32,16,8589934592,5.29703,5.31667,0.9963059584288662
8192,2048,64,16,17179869184,5.37141,5.48704,0.9789267072957368
8192,2048,128,16,34359738368,5.60276,6.22051,0.9006914224074875
8192,2048,256,16,68719476736,6.63974,6.8566,0.9683720794562902
8192,2048,512,16,137438953472,7.73417,8.42675,0.9178117305010828
8192,2048,1024,16,274877906944,11.226,11.9511,0.939327760624545
8192,2048,2048,16,549755813888,18.734,18.8287,0.9949704440561483
8192,4096,2,16,1073741824,8.91036,9.08402,0.9808829130715256
8192,4096,4,16,2147483648,8.84961,8.94917,0.9888749459447077
8192,4096,8,16,4294967296,9.43117,8.98743,1.0493734026301178
8192,4096,16,16,8589934592,9.46487,9.57704,0.9882876128741239
8192,4096,32,16,17179869184,9.56544,9.19527,1.0402565666913532
8192,4096,64,16,34359738368,9.22528,9.34826,0.986844610654817
8192,4096,128,16,68719476736,10.0615,10.1897,0.9874186678704967
8192,4096,256,16,137438953472,10.4604,10.749,0.9731509907898409
8192,4096,512,16,274877906944,12.6031,12.6295,0.9979096559642108
8192,4096,1024,16,549755813888,16.97,17.7137,0.9580155472882571
8192,4096,2048,16,1099511627776,27.4758,28.208,0.9740428247305729
16384,16,2,16,8388608,4.26311,4.86712,0.8758999161721922
16384,16,4,16,16777216,4.7725,4.77177,1.0001529830649842
16384,16,8,16,33554432,4.88126,4.87982,1.0002950928517855
16384,16,16,16,67108864,4.28857,4.92748,0.870337373261789
16384,16,32,16,134217728,4.96775,4.40468,1.1278344851385345
16384,16,64,16,268435456,5.13113,5.10951,1.004231325508708
16384,16,128,16,536870912,5.37947,5.36871,1.0020042058520577
16384,16,256,16,1073741824,6.46182,5.96351,1.0835598498199885
16384,16,512,16,2147483648,8.77674,8.75901,1.0020242013652227
16384,16,1024,16,4294967296,13.0087,13.6827,0.9507407163790771
16384,16,2048,16,8589934592,23.7257,23.5212,1.0086942843052225
16384,32,2,16,16777216,5.16945,5.15157,1.0034707865757428
16384,32,4,16,33554432,5.77912,5.73488,1.0077141980302986
16384,32,8,16,67108864,5.23663,5.27655,0.9924344505405994
16384,32,16,16,134217728,5.72804,5.21137,1.099142835761038
16384,32,32,16,268435456,5.91156,5.371,1.1006442003351329
16384,32,64,16,536870912,5.44271,5.49529,0.9904318061467184
16384,32,128,16,1073741824,5.83705,6.304,0.9259279822335025
16384,32,256,16,2147483648,6.90231,6.3853,1.0809687876842122
16384,32,512,16,4294967296,9.20469,9.5381,0.9650444008764848
16384,32,1024,16,8589934592,14.1229,14.0972,1.0018230570609765
16384,32,2048,16,17179869184,23.6782,24.0707,0.9836938684791053
16384,64,2,16,33554432,5.10304,5.21926,0.9777324754850304
16384,64,4,16,67108864,5.17266,5.21895,0.9911303997930616
16384,64,8,16,134217728,5.80077,5.25565,1.103720757660803
16384,64,16,16,268435456,5.201,5.2161,0.9971051168497536
16384,64,32,16,536870912,5.43142,5.36323,1.0127143531043794
16384,64,64,16,1073741824,5.52381,5.53065,0.998763255675192
16384,64,128,16,2147483648,5.74888,5.76571,0.997081018642977
16384,64,256,16,4294967296,6.88135,7.07126,0.9731434001861056
16384,64,512,16,8589934592,8.99897,9.18479,0.9797687263399599
16384,64,1024,16,17179869184,13.9526,13.9847,0.9977046343503972
16384,64,2048,16,34359738368,24.0106,23.85,1.006733752620545
16384,128,2,16,67108864,5.31909,5.31636,1.0005135092431663
16384,128,4,16,134217728,5.82452,5.87815,0.9908763811743491
16384,128,8,16,268435456,5.23541,5.22081,1.0027965009261015
16384,128,16,16,536870912,5.16935,5.25442,0.983809821064932
16384,128,32,16,1073741824,5.47721,5.45553,1.0039739493688056
16384,128,64,16,2147483648,5.58434,6.10072,0.9153575315700442
16384,128,128,16,4294967296,5.84452,5.77942,1.01126410608677
16384,128,256,16,8589934592,6.97179,6.86292,1.015863509992831
16384,128,512,16,17179869184,9.67527,9.11819,1.0610954586381727
16384,128,1024,16,34359738368,13.9703,14.0507,0.9942778651597428
16384,128,2048,16,68719476736,24.3441,24.3113,1.001349166848338
16384,256,2,16,134217728,6.16101,5.65069,1.0903110947512604
16384,256,4,16,268435456,5.669,5.5737,1.0170981574178732
16384,256,8,16,536870912,5.58777,5.58412,1.0006536392484402
16384,256,16,16,1073741824,5.48727,6.24812,0.8782273707931345
16384,256,32,16,2147483648,5.76091,5.76498,0.9992940131622312
16384,256,64,16,4294967296,6.5234,5.7209,1.1402751315352477
16384,256,128,16,8589934592,6.56491,6.73313,0.9750160772181734
16384,256,256,16,17179869184,7.98192,7.46933,1.068625967790953
16384,256,512,16,34359738368,9.98362,10.0531,0.993088699008266
16384,256,1024,16,68719476736,14.5926,14.5991,0.9995547670746826
16384,256,2048,16,137438953472,24.0528,24.2041,0.9937489929392128
16384,512,2,16,268435456,5.82637,5.75227,1.0128818709831076
16384,512,4,16,536870912,6.23713,6.27763,0.9935485206996907
16384,512,8,16,1073741824,6.32111,6.30602,1.0023929514971408
16384,512,16,16,2147483648,5.9871,6.58794,0.9087969835790854
16384,512,32,16,4294967296,6.44663,6.63888,0.9710418022317017
16384,512,64,16,8589934592,5.97686,6.89406,0.8669579319007958
16384,512,128,16,17179869184,6.35523,7.15748,0.8879144615143878
16384,512,256,16,34359738368,8.04894,7.62894,1.055053519886118
16384,512,512,16,68719476736,10.4195,10.4242,0.9995491260720246
16384,512,1024,16,137438953472,15.7599,15.6155,1.009247222311165
16384,512,2048,16,274877906944,25.3612,25.8464,0.9812275597375264
16384,1024,2,16,536870912,6.91644,7.76417,0.8908151161038462
16384,1024,4,16,1073741824,6.98026,7.22914,0.9655726683948576
16384,1024,8,16,2147483648,7.08897,7.17763,0.9876477333047259
16384,1024,16,16,4294967296,7.22064,7.02261,1.0281989174964863
16384,1024,32,16,8589934592,7.04283,7.16954,0.9823266206758036
16384,1024,64,16,17179869184,7.49167,7.56264,0.9906157109157648
16384,1024,128,16,34359738368,8.3848,7.64583,1.0966500693842265
16384,1024,256,16,68719476736,9.43816,9.12039,1.0348417118127624
16384,1024,512,16,137438953472,11.8362,12.3,0.9622926829268292
16384,1024,1024,16,274877906944,17.1059,17.6085,0.971456966805804
16384,1024,2048,16,549755813888,27.6385,27.9062,0.9904071496656658
16384,2048,2,16,1073741824,12.4074,12.4673,0.9951954312481452
16384,2048,4,16,2147483648,12.4404,12.8144,0.9708140841553253
16384,2048,8,16,4294967296,13.0294,12.4482,1.0466894812101348
16384,2048,16,16,8589934592,12.8969,12.508,1.0310921010553247
16384,2048,32,16,17179869184,12.5055,12.4858,1.0015777923721347
16384,2048,64,16,34359738368,12.9614,12.7937,1.0131080141006903
16384,2048,128,16,68719476736,13.6092,13.667,0.9957708348576864
16384,2048,256,16,137438953472,14.5338,15.1423,0.9598145592149144
16384,2048,512,16,274877906944,17.5835,17.9654,0.9787424716399302
16384,2048,1024,16,549755813888,23.9228,24.0875,0.993162428645563
16384,2048,2048,16,1099511627776,34.8267,34.9993,0.9950684727980275
16384,4096,2,16,2147483648,16.5993,16.6081,0.9994701380651609
16384,4096,4,16,4294967296,16.5988,16.3776,1.0135062524423604
16384,4096,8,16,8589934592,16.032,16.6621,0.9621836383168989
16384,4096,16,16,17179869184,16.033,16.5474,0.9689135453303843
16384,4096,32,16,34359738368,16.6914,17.2408,0.9681337292933043
16384,4096,64,16,68719476736,17.6771,17.3453,1.019129101255095
16384,4096,128,16,137438953472,17.2999,18.0352,0.9592297285308731
16384,4096,256,16,274877906944,19.1386,19.4799,0.9824793761774958
16384,4096,512,16,549755813888,23.1366,24.0243,0.9630499119641364
16384,4096,1024,16,1099511627776,31.188,32.6644,0.9548009453717197
16384,4096,2048,16,2199023255552,43.5135,43.5721,0.9986551026918602
16384,8192,2,16,4294967296,23.6563,23.7666,0.9953590332651705
16384,8192,4,16,8589934592,23.5237,23.7113,0.9920881604973156
16384,8192,8,16,17179869184,24.1123,23.1807,1.0401886051758575
16384,8192,16,16,34359738368,24.896,24.8722,1.0009568916300127
16384,8192,32,16,68719476736,23.8392,24.8749,0.9583636517131727
16384,8192,64,16,137438953472,24.3043,25.4207,0.9560830346921997
16384,8192,128,16,274877906944,25.0089,27.2146,0.9189515921600905
16384,8192,256,16,549755813888,26.9475,27.7337,0.9716518171033798
16384,8192,512,16,1099511627776,32.7418,33.1303,0.9882735743413129
16384,8192,1024,16,2199023255552,42.8223,43.5059,0.9842871886341853
16384,8192,2048,16,4398046511104,60.8823,58.952,1.0327435880037998
32768,16,2,16,16777216,8.32247,8.26662,1.0067560865262948
32768,16,4,16,33554432,7.78595,8.29453,0.9386848923326577
32768,16,8,16,67108864,8.37192,8.23292,1.0168834386827517
32768,16,16,16,134217728,7.78778,8.29041,0.9393721179049046
32768,16,32,16,268435456,8.69155,8.662,1.00341145232048
32768,16,64,16,536870912,8.9748,8.96398,1.0012070531170307
32768,16,128,16,1073741824,9.46439,10.0557,0.941196535298388
32768,16,256,16,2147483648,11.5754,11.9864,0.9657111392911967
32768,16,512,16,4294967296,17.0692,17.0736,0.9997422921937963
32768,16,1024,16,8589934592,27.5441,27.1025,1.016293699843188
32768,16,2048,16,17179869184,43.5431,43.2932,1.0057722690861384
32768,32,2,16,33554432,8.09532,8.6719,0.9335116871735143
32768,32,4,16,67108864,8.58289,8.81145,0.9740610228736474
32768,32,8,16,134217728,8.18833,8.52462,0.9605507342262763
32768,32,16,16,268435456,8.91899,8.8777,1.0046509794203453
32768,32,32,16,536870912,8.97429,8.93936,1.0039074385638345
32768,32,64,16,1073741824,9.90976,9.42331,1.0516219884520408
32768,32,128,16,2147483648,10.3935,10.4628,0.9933765340061934
32768,32,256,16,4294967296,13.1422,12.6614,1.037973683794841
32768,32,512,16,8589934592,17.0982,17.3942,0.9829828333582457
32768,32,1024,16,17179869184,27.6266,27.081,1.0201469665078837
32768,32,2048,16,34359738368,43.3459,43.8432,0.9886573060360557
32768,64,2,16,67108864,8.66667,9.15103,0.9470704390653292
32768,64,4,16,134217728,8.90986,8.98234,0.9919308331681944
32768,64,8,16,268435456,9.36528,8.82511,1.0612083022194625
32768,64,16,16,536870912,8.9686,8.84678,1.0137699818465022
32768,64,32,16,1073741824,9.00235,8.91535,1.0097584503132238
32768,64,64,16,2147483648,9.23798,9.93328,0.9300029798817712
32768,64,128,16,4294967296,10.536,10.4772,1.0056121864620318
32768,64,256,16,8589934592,12.4994,12.5409,0.9966908276120533
32768,64,512,16,17179869184,17.4368,17.7674,0.9813928880984276
32768,64,1024,16,34359738368,27.7454,28.3202,0.9797035331671387
32768,64,2048,16,68719476736,43.4549,43.8527,0.9909287227468321
32768,128,2,16,134217728,8.83587,8.70862,1.014611959185267
32768,128,4,16,268435456,8.86799,8.85505,1.0014613130360641
32768,128,8,16,536870912,8.84269,8.79063,1.0059222149038236
32768,128,16,16,1073741824,8.86563,9.03542,0.9812083998308877
32768,128,32,16,2147483648,9.30018,9.83943,0.9451949960516005
32768,128,64,16,4294967296,9.23004,9.79503,0.9423187065276982
32768,128,128,16,8589934592,10.4927,10.4538,1.0037211348983144
32768,128,256,16,17179869184,12.6649,12.9536,0.9777127593873517
32768,128,512,16,34359738368,17.2438,18.3247,0.9410140411575633
32768,128,1024,16,68719476736,27.6276,27.8972,0.9903359476936753
32768,128,2048,16,137438953472,43.8668,43.5344,1.0076353412473813
32768,256,2,16,268435456,9.98349,10.3352,0.9659696957968883
32768,256,4,16,536870912,9.8648,9.9135,0.9950875069349876
32768,256,8,16,1073741824,10.0697,10.1123,0.9957873085252613
32768,256,16,16,2147483648,10.3272,10.2986,1.0027770764958344
32768,256,32,16,4294967296,10.3624,9.82963,1.0542004124265103
32768,256,64,16,8589934592,11.1777,11.3658,0.9834503510531595
32768,256,128,16,17179869184,10.8286,10.882,0.9950928138209888
32768,256,256,16,34359738368,13.3446,13.8716,0.9620087084402664
32768,256,512,16,68719476736,18.6547,18.7204,0.9964904596055638
32768,256,1024,16,137438953472,28.2747,28.3431,0.997586714226743
32768,256,2048,16,274877906944,43.6135,43.1137,1.0115926028153464
32768,512,2,16,536870912,10.7286,11.3446,0.9457010383794934
32768,512,4,16,1073741824,10.8151,10.77,1.0041875580315691
32768,512,8,16,2147483648,10.7503,10.2764,1.0461153711416449
32768,512,16,16,4294967296,10.7287,11.3449,0.9456848451727207
32768,512,32,16,8589934592,11.0746,11.1257,0.995407030568863
32768,512,64,16,17179869184,11.8374,11.8552,0.9984985491598624
32768,512,128,16,34359738368,12.4692,12.0869,1.031629284597374
32768,512,256,16,68719476736,15.1813,15.3843,0.9868047294969547
32768,512,512,16,137438953472,19.5166,20.664,0.9444734804490902
32768,512,1024,16,274877906944,28.8821,27.9229,1.0343517328071226
32768,512,2048,16,549755813888,48.1296,48.0833,1.0009629122793153
32768,1024,2,16,1073741824,18.6259,18.5327,1.0050289488309854
32768,1024,4,16,2147483648,18.6187,18.5099,1.0058779355912242
32768,1024,8,16,4294967296,18.4631,18.637,0.9906690991039331
32768,1024,16,16,8589934592,18.5635,18.7463,0.9902487424185039
32768,1024,32,16,17179869184,18.2947,19.3093,0.9474553712459799
32768,1024,64,16,34359738368,18.6613,20.4741,0.9114588675448494
32768,1024,128,16,68719476736,20.378,20.7483,0.9821527546835163
32768,1024,256,16,137438953472,23.2924,23.1584,1.0057862373911841
32768,1024,512,16,274877906944,27.582,27.6885,0.9961536377918631
32768,1024,1024,16,549755813888,38.3534,40.0515,0.9576020873125851
32768,1024,2048,16,1099511627776,56.6175,56.9271,0.9945614654531848
32768,2048,2,16,2147483648,22.5179,23.3997,0.9623157561849084
32768,2048,4,16,4294967296,23.0207,23.4314,0.9824722381078382
32768,2048,8,16,8589934592,23.423,23.6733,0.989426907106318
32768,2048,16,16,17179869184,23.5852,23.094,1.0212695938338963
32768,2048,32,16,34359738368,23.5158,23.2029,1.0134853832926056
32768,2048,64,16,68719476736,23.672,23.247,1.0182819288510345
32768,2048,128,16,137438953472,23.7878,24.1635,0.9844517557473049
32768,2048,256,16,274877906944,27.6835,26.986,1.0258467353442524
32768,2048,512,16,549755813888,32.9894,32.8383,1.0046013344174336
32768,2048,1024,16,1099511627776,42.595,44.0775,0.9663660597810674
32768,2048,2048,16,2199023255552,57.5625,57.9477,0.9933526265925999
32768,4096,2,16,4294967296,28.2431,29.5402,0.9560903446828389
32768,4096,4,16,8589934592,29.0657,29.6352,0.9807829877982939
32768,4096,8,16,17179869184,29.6914,29.9393,0.991719913291226
32768,4096,16,16,34359738368,29.5197,30.0854,0.9811968596063206
32768,4096,32,16,68719476736,29.8803,31.8485,0.9382011711697568
32768,4096,64,16,137438953472,31.2293,32.4833,0.9613955478661342
32768,4096,128,16,274877906944,32.7059,33.1056,0.9879265139432603
32768,4096,256,16,549755813888,34.0092,36.6625,0.9276290487555403
32768,4096,512,16,1099511627776,41.219,42.6317,0.9668626866861982
32768,4096,1024,16,2199023255552,56.4168,56.774,0.9937083876422306
32768,4096,2048,16,4398046511104,85.9444,83.097,1.0342659783145
32768,8192,2,16,8589934592,32.3856,33.1124,0.9780505188388638
32768,8192,4,16,17179869184,32.7754,33.2355,0.9861563689428471
32768,8192,8,16,34359738368,37.1636,36.7199,1.012083366240104
32768,8192,16,16,68719476736,35.173,37.1774,0.946085525077063
32768,8192,32,16,137438953472,34.2165,37.018,0.9243206007888055
32768,8192,64,16,274877906944,40.2278,40.9614,0.982090455892621
32768,8192,128,16,549755813888,43.4558,47.2292,0.9201045116156955
32768,8192,256,16,1099511627776,52.8109,54.0935,0.9762892029541441
32768,8192,512,16,2199023255552,56.7266,57.6374,0.9841977604819093
32768,8192,1024,16,4398046511104,81.4236,77.7871,1.0467493967508752
32768,8192,2048,16,8796093022208,92.4132,90.5541,1.0205302686460358
32768,16384,2,16,17179869184,42.0048,42.8808,0.9795712766552863
32768,16384,4,16,34359738368,43.7554,45.8116,0.9551161714500258
32768,16384,8,16,68719476736,42.6335,46.6259,0.914373770801207
32768,16384,16,16,137438953472,42.4551,48.4604,0.876078199932316
32768,16384,32,16,274877906944,47.7582,49.6139,0.9625971753883489
32768,16384,64,16,549755813888,48.6875,52.9964,0.9186944773607264
32768,16384,128,16,1099511627776,56.6758,58.2042,0.9737407266142306
32768,16384,256,16,2199023255552,75.7232,79.8137,0.9487494001656358
32768,16384,512,16,4398046511104,88.3247,89.2497,0.9896358195041552
32768,16384,1024,16,8796093022208,99.5909,107.935,0.9226932876268125
32768,16384,2048,16,17592186044416,180.558,185.925,0.9711335215812826
65536,16,2,16,33554432,14.4717,14.9832,0.9658617651769983
65536,16,4,16,67108864,14.8506,14.4396,1.0284633923377378
65536,16,8,16,134217728,15.02,15.0662,0.9969335333395282
65536,16,16,16,268435456,15.262,15.0912,1.0113178541136556
65536,16,32,16,536870912,15.4961,15.7821,0.9818782037878356
65536,16,64,16,1073741824,16.7885,16.2376,1.0339274276986745
65536,16,128,16,2147483648,18.7924,18.7559,1.0019460543082443
65536,16,256,16,4294967296,23.9944,23.849,1.006096691685186
65536,16,512,16,8589934592,32.4339,32.8857,0.9862615057608627
65536,16,1024,16,17179869184,49.3065,51.266,0.961777786447158
65536,16,2048,16,34359738368,84.086,84.2794,0.9977052518171701
65536,32,2,16,67108864,15.3504,15.0329,1.0211203427149784
65536,32,4,16,134217728,15.5173,15.7838,0.9831155995387677
65536,32,8,16,268435456,16.0252,16.0209,1.0002683994032795
65536,32,16,16,536870912,16.02,16.6531,0.9619830542061238
65536,32,32,16,1073741824,16.5689,16.7072,0.9917221317755218
65536,32,64,16,2147483648,16.9207,16.8791,1.0024645863819752
65536,32,128,16,4294967296,18.4077,19.3819,0.9497366099298828
65536,32,256,16,8589934592,23.9851,23.937,1.002009441450474
65536,32,512,16,17179869184,33.0177,32.941,1.0023284053307426
65536,32,1024,16,34359738368,51.7434,52.9454,0.9772973667211883
65536,32,2048,16,68719476736,83.7264,84.5413,0.9903609241873498
65536,64,2,16,134217728,15.6424,14.9866,1.0437590914550332
65536,64,4,16,268435456,16.6641,15.6304,1.0661339441089162
65536,64,8,16,536870912,16.762,16.1894,1.0353688215746106
65536,64,16,16,1073741824,16.0671,16.627,0.9663258555361761
65536,64,32,16,2147483648,16.0831,16.6071,0.968447230401455
65536,64,64,16,4294967296,16.8333,16.3784,1.0277743857763886
65536,64,128,16,8589934592,19.2527,19.9898,0.9631261943591233
65536,64,256,16,17179869184,23.8721,23.7641,1.0045446703220404
65536,64,512,16,34359738368,33.2373,32.8093,1.0130450817298753
65536,64,1024,16,68719476736,50.9439,53.5174,0.9519128358253577
65536,64,2048,16,137438953472,84.6288,84.1513,1.0056743033084454
65536,128,2,16,268435456,16.333,15.6249,1.045318690039616
65536,128,4,16,536870912,15.9483,15.9231,1.0015826064020197
65536,128,8,16,1073741824,15.8986,15.9416,0.9973026546896171
65536,128,16,16,2147483648,16.732,16.2059,1.0324634855207053
65536,128,32,16,4294967296,16.927,15.9866,1.0588242653222073
65536,128,64,16,8589934592,18.2978,16.6659,1.0979185042511954
65536,128,128,16,17179869184,19.8376,19.9267,0.9955286123643151
65536,128,256,16,34359738368,23.7723,23.9885,0.9909873481043001
65536,128,512,16,68719476736,33.2364,32.9764,1.0078844264383016
65536,128,1024,16,137438953472,51.8862,51.7483,1.002664821839558
65536,128,2048,16,274877906944,85.6721,84.2692,1.0166478381187907
65536,256,2,16,536870912,16.2461,16.6832,0.9737999904095137
65536,256,4,16,1073741824,16.6097,16.1872,1.02610086982307
65536,256,8,16,2147483648,16.7963,17.2418,0.9741616304562167
65536,256,16,16,4294967296,16.7652,17.2132,0.9739734622266633
65536,256,32,16,8589934592,17.7107,18.4876,0.9579772387978969
65536,256,64,16,17179869184,18.0444,20.0417,0.9003427852926649
65536,256,128,16,34359738368,20.6721,20.8914,0.9895028576351992
65536,256,256,16,68719476736,27.5099,25.5512,1.0766578477723159
65536,256,512,16,137438953472,33.3625,34.4426,0.9686405788180915
65536,256,1024,16,274877906944,53.7497,53.0969,1.0122945030689174
65536,256,2048,16,549755813888,87.2768,86.0698,1.0140235018554706
65536,512,2,16,1073741824,28.6456,28.4683,1.0062279798934255
65536,512,4,16,2147483648,31.7638,28.7309,1.1055623040002227
65536,512,8,16,4294967296,32.2435,32.1679,1.0023501689572523
65536,512,16,16,8589934592,32.5951,30.5297,1.067652155114528
65536,512,32,16,17179869184,30.5886,30.7704,0.9940917245144685
65536,512,64,16,34359738368,32.0546,32.7309,0.9793375678640063
65536,512,128,16,68719476736,32.928,33.5279,0.9821074388792616
65536,512,256,16,137438953472,40.652,40.3504,1.0074745231769697
65536,512,512,16,274877906944,43.3527,46.0346,0.9417416465006756
65536,512,1024,16,549755813888,58.0722,57.4864,1.0101902362993682
65536,512,2048,16,1099511627776,87.669,86.9986,1.0077058711289606
65536,1024,2,16,2147483648,32.7802,32.614,1.005095971055375
65536,1024,4,16,4294967296,32.6817,33.0436,0.9890478035080924
65536,1024,8,16,8589934592,33.4675,33.5435,0.9977342853309881
65536,1024,16,16,17179869184,33.3616,34.2191,0.9749408955817075
65536,1024,32,16,34359738368,32.9353,33.1207,0.9944022922220846
65536,1024,64,16,68719476736,34.1516,33.6397,1.0152171392729425
65536,1024,128,16,137438953472,40.815,41.5362,0.9826368324497666
65536,1024,256,16,274877906944,43.0486,42.5497,1.0117251120454434
65536,1024,512,16,549755813888,52.8572,52.2331,1.0119483622453962
65536,1024,1024,16,1099511627776,66.9444,66.9617,0.9997416433573223
65536,1024,2048,16,2199023255552,88.4934,87.4997,1.0113566103655212
65536,2048,2,16,4294967296,39.6472,39.6104,1.000929048936643
65536,2048,4,16,8589934592,40.3169,40.3489,0.9992069176607045
65536,2048,8,16,17179869184,41.0363,42.0202,0.9765850709896667
65536,2048,16,16,34359738368,41.0377,42.2779,0.970665525014251
65536,2048,32,16,68719476736,40.5028,42.1548,0.9608111057341038
65536,2048,64,16,137438953472,41.9952,42.3509,0.9916011229985666
65536,2048,128,16,274877906944,43.772,43.1939,1.013383834291416
65536,2048,256,16,549755813888,51.6719,53.0003,0.9749359909283531
65536,2048,512,16,1099511627776,57.7054,57.0822,1.0109175890207456
65536,2048,1024,16,2199023255552,82.6197,84.842,0.9738066052191131
65536,2048,2048,16,4398046511104,102.937,107.625,0.9564413472706156
65536,4096,2,16,8589934592,43.7247,43.0107,1.0166005203356374
65536,4096,4,16,17179869184,42.6045,42.8181,0.9950114554359021
65536,4096,8,16,34359738368,43.5963,47.2591,0.9224953501018852
65536,4096,16,16,68719476736,43.0255,47.5095,0.905618876224755
65536,4096,32,16,137438953472,52.5849,53.5668,0.9816696162548444
65536,4096,64,16,274877906944,55.0612,56.4056,0.9761654871147546
65536,4096,128,16,549755813888,57.2555,58.165,0.9843634488094215
65536,4096,256,16,1099511627776,58.5626,58.3555,1.003548937118181
65536,4096,512,16,2199023255552,74.47,74.6045,0.9981971596887587
65536,4096,1024,16,4398046511104,90.6167,87.2574,1.0384987405079682
65536,4096,2048,16,8796093022208,153.4,149.138,1.0285775590392792
65536,8192,2,16,17179869184,53.0842,53.9643,0.9836910698369107
65536,8192,4,16,34359738368,54.4981,55.4197,0.9833705343045884
65536,8192,8,16,68719476736,52.4682,55.6662,0.9425504165903187
65536,8192,16,16,137438953472,52.3492,57.7736,0.9061093648309955
65536,8192,32,16,274877906944,56.3583,57.9848,0.9719495453981043
65536,8192,64,16,549755813888,59.1401,57.213,1.0336829042350515
65536,8192,128,16,1099511627776,73.6087,77.1171,0.9545055506495966
65536,8192,256,16,2199023255552,85.6386,87.3778,0.9800956306979577
65536,8192,512,16,4398046511104,89.6259,90.7871,0.9872096366113688
65536,8192,1024,16,8796093022208,131.015,146.531,0.894111143717029
65536,8192,2048,16,17592186044416,188.54,182.926,1.030690005794693
65536,16384,2,16,34359738368,69.08,76.3499,0.904781800631042
65536,16384,4,16,68719476736,70.7305,75.3407,0.9388086386242762
65536,16384,8,16,137438953472,70.3894,74.9143,0.9395989817698356
65536,16384,16,16,274877906944,74.3576,79.3989,0.9365066770446443
65536,16384,32,16,549755813888,75.0309,85.1338,0.8813291548127772
65536,16384,64,16,1099511627776,84.274,88.965,0.947271398864722
65536,16384,128,16,2199023255552,88.2542,87.8517,1.0045815846477644
65536,16384,256,16,4398046511104,117.102,117.39,0.9975466394071045
65536,16384,512,16,8796093022208,182.3,179.871,1.0135041223988304
65536,16384,1024,16,17592186044416,184.354,184.555,0.9989108937715044
65536,16384,2048,16,35184372088832,273.753,279.953,0.9778534253964059
65536,32768,2,16,68719476736,147.364,146.068,1.0088725798942957
65536,32768,4,16,137438953472,147.312,150.695,0.9775506818408044
65536,32768,8,16,274877906944,144.749,149.865,0.9658626096820471
65536,32768,16,16,549755813888,170.377,145.242,1.1730560030845074
65536,32768,32,16,1099511627776,150.914,150.563,1.002331250041511
65536,32768,64,16,2199023255552,152.292,152.448,0.9989767002518891
65536,32768,128,16,4398046511104,155.807,169.587,0.9187437716334389
65536,32768,256,16,8796093022208,186.784,185.792,1.005339304168102
65536,32768,512,16,17592186044416,225.095,243.845,0.923106891672989
65536,32768,1024,16,35184372088832,334.321,356.716,0.9372189641058994
65536,32768,2048,16,70368744177664,432.291,470.212,0.9193533980417343
